BusinessName,PhoneNumber
24/7 SF HANDYMAN & REMODELING SERVICE,(415) 304 1559
SUNSET PAINTING,(415) 225 7636
BUILT RIGHT CONSTRUCTION AND RESTORATION,(925) 444 5666
AFM PAINTING AND CONSTRUCTION,(408) 375 4511
HAPPY HOME REPAIRS INC,(925) 708 7166
GREEN WORLD CONSTRUCTION INC,(510) 860 1393
QC RESIDENTIAL REMODELING,(707) 474 1880
PREMIUM BUILDER,(408) 908 8834
R R INNOVATION HOME IMPROVEMENT,(415) 378 3189
HANSHAW CONSTRUCTION,(925) 915 4778
HOME TEAM CONSTRUCTION INC,(415) 509 6990
R & T PRO REMODELING,(510) 672 6899
HAYWARD PAINTING BUILDING MAINTENANCE,(510) 385 8364
DRAX CONSTRUCTION,(408) 506 1151
KCK CONSTRUCTION & REMODELING LLC,(510) 978 3259
MCD'S FLOORING INSTALLS,(707) 718 3427
THE METICULOUS HANDYMAN CABINETRY,(415) 813 0104
SF RENOVATE,(415) 539 9957
SHAFAZAND HOME REMODELING,(408) 595 4027
OPTIMUS R/M INC,(650) 207 0596
JJC ELECTRICAL CONTRACTORS,(510) 904 2103
HOME REMODEL INC,(669) 600 9400
ELITEPROINSTALLATION INC,(925) 724 9478
EST REMODELING,(925) 890 2884
RHODES REBUILDING,(707) 356 8847
PUZZLEWOOD BUILDERS INC,(207) 348 3004
AVAVIO CONSTRUCTION,(707) 217 7299
D Z CABINETS INC,(408) 455 2202
WEST HOGWARTS INC THE,(408) 568 2173
RIVERA IVAN,(408) 564 3849
CALI SCAPING,(925) 381 0669
XILISH HOME IMPROVEMENT,(415) 374 3380
WORTHY REMODELING AND RENOVATIONS,(925) 457 5671
A1 MAINTENANCE LLC,(707) 563 7066
TORRES REMODELING,(925) 448 6736
R M C HOME IMPROVEMENTS,(925) 209 0952
PATRICK DAVID ELECTRIC,(707) 254 5165
TOOLBOX HOUSE CARE INC,(707) 861 1084
PIERCE & SON'S CONSTRUCTION,(415) 279 5330
BELTRAN PAINTING SERVICES CO INC,(510) 633 1488
LOS ALTOS FENCE COMPANY,(650) 441 4316
VALLEY KITCHENS & REMODELING,(415) 734 8431
PEACE OF MIND REMODELS,(707) 685 6628
DUNNE HOME REMODELING,(650) 218 3628
A B C MARBLE TILE AND GRANITE INC,(650) 630 0065
WINNING RENOVATION,(626) 705 0985
NEEDLE IN THE HAYSTACK REMODELING THE,(530) 416 1044
M D PROPAINTING - REMODELING,(415) 633 6887
INSPIRED ENVIRONMENTS LLC,(415) 454 8000
PERRY TILE,(707) 696 0394
EAST BAY HOME IMPROVEMENTS,(510) 925 5324
BMG REMODELING CORPORATION,(925) 334 8484
BUILOPMENT CORPORATION,(510) 289 0283
ARAUJO & MALDONADO CONSTRUCTION & REMODELING INC,(707) 658 8002
STROPE INDUSTRIES INC,(510) 410 5930
HASSETT REMODELING,(650) 444 3484
TRUE GRIT REMODEL,(805) 403 2641
MAKE IT RIGHT CARPENTRY INC,(415) 795 0156
CRUZ A+ REMODELING,(510) 512 3488
INTEGRITY PAINT AND DESIGN,(570) 484 1705
MADERA'S HOME IMPROVEMENTS,(415) 269 2594
EZ FLOORS AND A1 DESIGNINGS,(707) 359 4542
GRAY ROBERT CONSTRUCTION,(510) 798 3712
BORG CONSTRUCTION & RENOVATION INC,(650) 580 5027
RELIABLE RAINGUTTER SYSTEMS,(925) 828 6117
TNZ REMODEL & HANDYMAN,(707) 304 4963
INTEGRITY REMODELING,(925) 435 5000
READY 2 GO REMODELING,(707) 450 5632
HAWKINS GROUP INC,(808) 387 6129
CRUZ REMODEL,(669) 251 7670
TAVO'S REMODELING LLC,(707) 333 3515
MEZA PAINTING LLC,(510) 875 5479
NORCAL PROPERTY RESTORATION,(707) 688 5419
MCCRAY FAMILY BUILDERS LLC,(408) 648 8621
NEW IMAGE REMODELING,(408) 664 8739
ATTIC SOLUTIONS INC,(510) 290 6945
R K CUSTOMTILING & REMODELING,(408) 426 1789
SUBLIME RENOVATIONS,(707) 685 5536
K YOUNG REMODELING,(408) 540 7247
OPTIWISE LANDSCAPE,(408) 826 4684
RAMIREZ REMODELING,(510) 830 9963
BOB WOODS REMODELING,(707) 871 9005
ABSOLUTE FLOORING,(650) 726 8141
LEGAL RENOVATIONS,(408) 375 8637
CO RENOVATIONS,(818) 795 0930
VIVA PROPERTY RESTORATION LLC,(707) 479 5808
VERTEX HOME REMODELING,(415) 583 8275
DANSEL RESTORATION INC,(408) 564 0152
STEWART LIAM PAINTING,(415) 933 1111
A-PLUS PAINTING COMPANY INC,(925) 325 7949
NAILED IT REMODELING INC,(408) 477 9053
BEYOND REMODELING INC,(650) 797 8102
UNIVERSAL PAINTING CONTRACTORS INC,(707) 427 0445
ACE IN THE HOLE,(650) 200 6919
BLACK DIAMOND RESIDENTIAL REMODELING INC,(925) 577 6802
REMODEL BAY AREA,(650) 271 6842
MBM RENOVATIONS,(415) 595 2705
FIRST STRING HOME IMPROVEMENT,(707) 303 6619
A9 CONSTRUCTION,(707) 477 1086
BIG DEALIT REONOVATIONS,(415) 261 2115
WALLS N BEYOND PAINTING COMPANY,(650) 759 3548
MCDERMAID PAINTING,(650) 961 7415
FUENTES PAINTING CO,(650) 281 6135
BUILD SHEPHERD INC,(415) 686 1230
OMEGA FLOORS & CARPET INC,(925) 687 7800
NOBLES THOMAS,(707) 696 6422
NORTH REMODELING CONTRACTOR,(707) 393 0145
CASA LYON REMODELING INC,(954) 290 3464
ONE - CONNECTION REMODELING AND REPAIRS,(510) 415 0900
CAMPAGNA CONSTRUCTION,(415) 756 7186
PENGUIN FIREPLACE INC,(408) 910 1304
HANDYMEN RESIDENTIAL REPAIR,(925) 440 7768
BECK CUSTOM REMODEL,(608) 358 3248
MONTERO ROCKY REMODELS AND REPAIRS,(415) 748 4430
PUROCLEAN OF SAN RAFAEL,(415) 360 4417
BIZZARRO'S HOME REMODELING,(650) 766 6253
KEYSTONE HOME REPAIR,(717) 554 0780
A S REMODELING CONSTRUCTION,(510) 860 9470
REILLY HOME INTERIORS,(415) 238 9033
FRESH HOMES,(650) 260 3665
RICHMOND REMODELING,(213) 317 9180
GETCHELL CONSTRUCTION,(650) 898 2466
TUAN HO,(408) 334 5751
H4H REMODELING AND REPAIRS INC,(707) 438 5710
TORRES REMODELING,(408) 661 1881
MARTINEZ REMODELING,(510) 467 3832
REIN TAYLOR,(707) 329 5780
MURILLO'S REMODELING INC,(510) 386 8133
SANTI REMODELING,(510) 755 9536
COTFORT RESIDENTIAL REMODELING INC,(650) 439 6419
MSA FRAMING,(415) 940 8902
ZEHR BUILDING AND FABRICATION,(404) 668 7657
KNB REMODELING,(650) 274 5086
CERDA-ZEIN REAL ESTATE INC,(510) 523 5673
CARDENAS HOME RENOVATIONS INC,(925) 238 1631
PICHMARC REMODELING,(707) 529 9412
HEIMA BUILDER,(925) 285 9644
SHR REMODELING LLC,(650) 690 6190
IQ REMODELING MAINTENANCE SERVICE,(415) 710 7182
MARIN MCI REMODELING INC,(415) 226 8864
TRIPLE T REJUVENATION LLC,(707) 914 1959
MASON M RENOVATIONS,(707) 548 1874
REYES RENOVATIONS & REMODELS,(408) 917 0269
LUX RENOVATIONS,(510) 904 8535
EASTBAY REMODELING & IMPROVEMENTS CORP,(925) 351 4170
NAJIB PAINT & DECORATIONS LLC,(925) 316 8182
ATEX REMODELING CORP,(510) 978 7983
WOHLER CONSTRUCTION,(707) 450 7178
EXPRESS RENOVATIONS PLUS,(925) 214 8269
CASTLE CONSTRUCTION,(408) 476 5052
SOLANO ROT,(707) 365 5115
BLEVINS REMODELING,(707) 564 5379
ALPHA ARTIFICIAL TURF AND REMODELING,(650) 384 7795
BAY AREA REMODELING,(408) 892 1408
CALIFORNIA WATER AND FIRE RESTORATION,(650) 642 7300
GARCIA CONSTRUCTION SERVICES,(925) 584 8735
UNION REMODELING INC,(510) 571 9822
DREAM RESIDENTIAL REMODELING INC,(408) 807 8109
QUALITY KITCHEN REMODELING,(707) 249 0903
ANTEVASIN REMODELING,(707) 341 6859
HCB CONSTRUCTION,(707) 774 9068
SINE METU SERVICES CORP,(925) 667 6212
LEFT COAST CONSTRUCTION,(661) 341 7974
MANGO HOME REMODELING,(408) 887 8966
PR CONSTRUCTION GROUP INC,(925) 270 5419
J&B HOMES LLC,(808) 381 4703
L & E REMODELING,(650) 296 6343
LUCATORTA PETER ROYAL,(415) 225 1958
SF INTERIOR & EXTERIOR REMODELING SERVICES,(415) 988 5374
JCO REMODELING,(408) 373 0930
HOMESTEAD RENOVATION,(707) 412 0537
PROSPERITY CONSTRUCTION,(408) 429 3439
PARTNERS REMODELING,(925) 752 2317
FREMONT REMODELING,(510) 402 8381
KZA-NOVA HOME REMODELING INC,(510) 680 8974
CRAFTED EARTH DESIGN & BUILD,(925) 205 8724
MAINTENANCE PRO LLC,(408) 753 3677
RESET HOME IMPROVEMENT,(650) 200 0781
NICARAGUA REMODEL INC,(669) 290 0831
SHINY STAR CONSTRUCTION INC,(408) 420 3661
GALVIS REMODELING,(404) 514 0859
REDWOOD RESIDENTIAL PM INC,(707) 543 1516
AVOBAY,(408) 250 6736
REIKAN,(413) 329 5677
KEPPER INC DBA REMODELING CONSTRUCTION SERVICES,(415) 937 2799
AAA HOME RENOVATIONS,(707) 529 0709
FK REMODELING INC,(408) 858 5720
ALMAS KENGES,(925) 290 5661
MARTINEZ REMODELING AND REPAIR,(408) 504 2115
SFDESIGN & CONSTRUCTION,(408) 431 6844
HINSHAW MAINTENANCE,(707) 477 1655
MEDRANO HOME SERVICES,(707) 304 3286
TERRAFORM CONSTRUCTION,(707) 342 0547
DANELIV REMODELING INC,(650) 669 6945
COYOTE CREEK CONSTRUCTION,(510) 750 6572
KBJ REMODELS,(415) 272 0636
APAZ CONSTRUCTION INC,(925) 290 5661
FARA,(971) 270 8228
MARIN HANDYMAN SERVICES,(415) 794 0980
RIGOBERTO ORTIZ RAMIREZ,(510) 932 3095
AS MAINTENANCE,(808) 852 1325
A&A REMODELING LLC,(510) 395 5077
HEV REMODELING INC,(650) 281 6135
RG RENOVATION SERVICES,(707) 514 9631
ABC RENOVATIONS INC,(707) 419 2426
GOLDEN IMPROVEMENTS INC,(614) 432 1111
G & S REMODELING INC,(408) 771 5043
PARKS HOME IMPROVEMENT LLC,(415) 686 0737
MV REMODELING AND MAINTENANCE,(925) 595 9748
MG REMODELING CONTRACTOR,(707) 775 9440
VIBERTO GUERRA CONSTRUCTION SERVICES,(786) 781 4497
M F INTERIOR & EXTERIOR RENOVATION INC,(408) 888 6503
REGAL CONTRACTING,(707) 363 3044
M29,(757) 892 0640
LEPE'S HOME RENOVATION INC,(510) 305 0421
MANNY'S HOME SERVICES,(707) 514 8302
TRUE CRAFT REMODELING,(510) 714 4114
EVERSTEAD REMODELING,(310) 906 6391
PENN HANDY LLC,(408) 214 2860
ALM HOME RENOVATION,(415) 320 2005
RAM REMODELING SERVICES INC,(925) 206 7366
SPS REMODELING & PAINTING INC,(925) 759 3103
PTR REMODELING SERVICES,(510) 209 2283
ONIT REMODELING,(669) 255 1963
MARLER HOME REPAIRS & RENOVATIONS,(615) 974 0021
AFZAL MOHAMMAD MUSTAFA,(925) 854 7400
MF GENERAL CONSTRUCTION & REMODELING,(510) 484 1917
JD REMODEL SERVICES,(510) 867 1953
TIM BOWER RESIDENTIAL REMODELING,(707) 292 8493
JAMES CARRIERE RESTORATION REMODELER,(415) 990 3879
FRESH START RENOVATIONS LLC,(408) 402 1579
EGO CONTRACTOR RESIDENTIAL REMODELING INC,(408) 509 7421
G & S REMODELING SERVICES INC,(510) 694 9282
J HALL CONSTRUCTION,(707) 292 6141
UPSWING REMODELING,(408) 297 5638
KNOWLES LUMBERCRAFT CONSTRUCTION LLC,(415) 758 1204
VITALITY REMODELING LLC,(628) 236 7509
JAR REMODELING,(408) 314 7953
WILDLAND OVERWATCH REMODELING,(805) 410 0122
ELITE BAY HOME IMPROVEMENTS,(818) 930 9334
ORBE BUILDERS INC,(669) 208 5199
HAM REMODELING,(415) 795 0755
LUCKY'S REMODELING SERVICES,(510) 570 6789
ADAMS REMODELING SERVICE,(415) 699 6713
DAVID WILSON PROPERTY MAINTENANCE,(415) 320 2012
JON GOMEZ REMODELING,(925) 464 3027
5-YEAR PLAN LLC,(415) 602 4837
M P REMODELING PRO,(510) 458 1362
NORTH COAST CONTRACTING LLC,(707) 328 6052
SPOT ON REMODELING & REPAIR,(707) 628 1286
YOUR GO 2 HANDYMAN,(510) 386 8361
JJ ARIAS HOME REMODEL,(415) 942 4749
FIVE STAR HOME SERVICES,(925) 978 8800
BALDWIN CONSTRUCTION LLC,(925) 787 5228
ALPHA X PRO REMODELING,(925) 207 9445
BAY AREA REMODELING,(415) 261 1606
JENSEN WORKS,(707) 596 3498
SCALE RENOVATION,(650) 686 8112
D1 RENOVATIONS,(707) 365 4938
PRISMATIC REMODELING,(650) 380 4499
ACOSTA RENOVATIONS,(408) 706 6194
THREE LIONS REMODELING,(415) 497 3513
JAMES CS REMODELING INC,(408) 679 5734
SUNNY DAY FIRE/WATER CLEAN UP & REPAIR,(626) 453 4384
MONTUFAR RESIDENTIAL REMODELING,(925) 699 6702
STARKEY HOME REPAIRS,(925) 517 5563
VELAZQUEZ BUILDING IMPROVEMENTS,(408) 625 0173
ARB REMODELING INC,(408) 375 9512
REMODELING,(510) 386 3478